{
    "win_cnt": {
        "Owen": 2
    },
    "rounds": [
        {
            "winner": "Owen",
            "Ritik": 0.04621769999721437,
            "Owen": 7.075567700001557
        },
        {
            "winner": "Owen",
            "Owen": 2.781937100000505,
            "Ritik": 0.03730849999919883
        }
    ]
}